term, type
Animal Shifting, task
Backward Color Recall, task
Balloon Analouge Risk Taking, task
Bear Alligator, task
Box Crossing Dual, task
Contingency Naming, task
Continious Performance Task, task
Counting Recall, task
Cued Unpredictable Switch, task
D2 Target Detection, task
Degraded Vigilance, task
Digit Shifting, task
Expressive Attention, task
Knock and Tap, task
Listening Recall, task
Luria Hand Game, task
Matrix Monitoring, task
Mental Counters, task
Mister X, task
More Less Odd Even, task
Pick the Picture, task
Visual Matrix Span, task
Pictorial Updating, task
Nebraska Barnyard, task
Somethings the Same Game, task
Serial Substraction of Sevens, task
Plus Minus Task, task
Pychomotor Vigilance, task
Toy Sort, task
Oddity Switching, task
Spin the Pots, task
Arithmatic Span, task
Adaptive N-back, task
Spatial Conflict Arrows, task
Corsi Block Span, task
Dimension Switching, task
Gift Delay, task
Grass Snow, task
Incompatibility Test, task
Nine Boxes, task
Pencil Tapping, task
Picture Symbol, task
SR Compatibility, task
Object Substitution, task
OOO, task
